,label,video_name
1823,stealing,data\stealing\Stealing086_x264.mp4
1558,robbery,data\robbery\Robbery059_x264.mp4
436,normal,data\normal\Normal_Videos054_x264.mp4
472,normal,data\normal\Normal_Videos095_x264.mp4
1533,robbery,data\robbery\Robbery034_x264.mp4
546,normal,data\normal\Normal_Videos173_x264.mp4
5,abuse,data\abuse\Abuse006_x264.mp4
1572,robbery,data\robbery\Robbery073_x264.mp4
1856,vandalism,data\vandalism\Vandalism007_x264.mp4
1545,robbery,data\robbery\Robbery046_x264.mp4
2,abuse,data\abuse\Abuse003_x264.mp4
79,arrest,data\arrest\Arrest030_x264.mp4
371,fighting,data\fighting\Fighting023_x264.mp4
411,normal,data\normal\Normal_Videos017_x264.mp4
75,arrest,data\arrest\Arrest026_x264.mp4
1310,normal,data\normal\Normal_Videos_897_x264.mp4
1412,roadaccidents,data\roadaccidents\RoadAccidents064_x264.mp4
1294,normal,data\normal\Normal_Videos_881_x264.mp4
208,burglary,data\burglary\Burglary009_x264.mp4
1210,normal,data\normal\Normal_Videos_033_x264.mp4
1469,roadaccidents,data\roadaccidents\RoadAccidents121_x264.mp4
439,normal,data\normal\Normal_Videos058_x264.mp4
214,burglary,data\burglary\Burglary015_x264.mp4
1040,normal,data\normal\Normal_Videos705_x264.mp4
592,normal,data\normal\Normal_Videos227_x264.mp4
1864,vandalism,data\vandalism\Vandalism015_x264.mp4
1831,stealing,data\stealing\Stealing095_x264.mp4
1073,normal,data\normal\Normal_Videos742_x264.mp4
754,normal,data\normal\Normal_Videos402_x264.mp4
731,normal,data\normal\Normal_Videos378_x264.mp4
1062,normal,data\normal\Normal_Videos731_x264.mp4
1157,normal,data\normal\Normal_Videos837_x264.mp4
851,normal,data\normal\Normal_Videos504_x264.mp4
3,abuse,data\abuse\Abuse004_x264.mp4
1387,roadaccidents,data\roadaccidents\RoadAccidents038_x264.mp4
1156,normal,data\normal\Normal_Videos836_x264.mp4
526,normal,data\normal\Normal_Videos152_x264.mp4
583,normal,data\normal\Normal_Videos216_x264.mp4
762,normal,data\normal\Normal_Videos410_x264.mp4
1005,normal,data\normal\Normal_Videos666_x264.mp4
518,normal,data\normal\Normal_Videos143_x264.mp4
114,arson,data\arson\Arson016_x264.mp4
41,abuse,data\abuse\Abuse042_x264.mp4
884,normal,data\normal\Normal_Videos537_x264.mp4
4,abuse,data\abuse\Abuse005_x264.mp4
953,normal,data\normal\Normal_Videos610_x264.mp4
1351,roadaccidents,data\roadaccidents\RoadAccidents002_x264.mp4
1122,normal,data\normal\Normal_Videos799_x264.mp4
1607,robbery,data\robbery\Robbery108_x264.mp4
1142,normal,data\normal\Normal_Videos820_x264.mp4
1246,normal,data\normal\Normal_Videos_401_x264.mp4
227,burglary,data\burglary\Burglary028_x264.mp4
779,normal,data\normal\Normal_Videos428_x264.mp4
541,normal,data\normal\Normal_Videos167_x264.mp4
1516,robbery,data\robbery\Robbery017_x264.mp4
1367,roadaccidents,data\roadaccidents\RoadAccidents018_x264.mp4
321,explosion,data\explosion\Explosion022_x264.mp4
624,normal,data\normal\Normal_Videos263_x264.mp4
1872,vandalism,data\vandalism\Vandalism023_x264.mp4
83,arrest,data\arrest\Arrest034_x264.mp4
620,normal,data\normal\Normal_Videos259_x264.mp4
1316,normal,data\normal\Normal_Videos_903_x264.mp4
1302,normal,data\normal\Normal_Videos_889_x264.mp4
1371,roadaccidents,data\roadaccidents\RoadAccidents022_x264.mp4
449,normal,data\normal\Normal_Videos072_x264.mp4
1103,normal,data\normal\Normal_Videos774_x264.mp4
338,explosion,data\explosion\Explosion040_x264.mp4
1034,normal,data\normal\Normal_Videos697_x264.mp4
96,arrest,data\arrest\Arrest048_x264.mp4
34,abuse,data\abuse\Abuse035_x264.mp4
1740,shoplifting,data\shoplifting\Shoplifting045_x264.mp4
596,normal,data\normal\Normal_Videos231_x264.mp4
748,normal,data\normal\Normal_Videos395_x264.mp4
36,abuse,data\abuse\Abuse037_x264.mp4
514,normal,data\normal\Normal_Videos139_x264.mp4
1326,normal,data\normal\Normal_Videos_913_x264.mp4
841,normal,data\normal\Normal_Videos494_x264.mp4
1046,normal,data\normal\Normal_Videos712_x264.mp4
1532,robbery,data\robbery\Robbery033_x264.mp4
260,burglary,data\burglary\Burglary061_x264.mp4
1649,robbery,data\robbery\Robbery150_x264.mp4
1222,normal,data\normal\Normal_Videos_100_x264.mp4
1673,shooting,data\shooting\Shooting025_x264.mp4
1423,roadaccidents,data\roadaccidents\RoadAccidents075_x264.mp4
486,normal,data\normal\Normal_Videos110_x264.mp4
1158,normal,data\normal\Normal_Videos838_x264.mp4
1168,normal,data\normal\Normal_Videos848_x264.mp4
1279,normal,data\normal\Normal_Videos_866_x264.mp4
817,normal,data\normal\Normal_Videos469_x264.mp4
761,normal,data\normal\Normal_Videos409_x264.mp4
673,normal,data\normal\Normal_Videos315_x264.mp4
1619,robbery,data\robbery\Robbery120_x264.mp4
1030,normal,data\normal\Normal_Videos692_x264.mp4
1360,roadaccidents,data\roadaccidents\RoadAccidents011_x264.mp4
1870,vandalism,data\vandalism\Vandalism021_x264.mp4
1556,robbery,data\robbery\Robbery057_x264.mp4
1726,shoplifting,data\shoplifting\Shoplifting030_x264.mp4
1466,roadaccidents,data\roadaccidents\RoadAccidents118_x264.mp4
1475,roadaccidents,data\roadaccidents\RoadAccidents127_x264.mp4
55,arrest,data\arrest\Arrest006_x264.mp4
722,normal,data\normal\Normal_Videos369_x264.mp4
1480,roadaccidents,data\roadaccidents\RoadAccidents132_x264.mp4
809,normal,data\normal\Normal_Videos461_x264.mp4
1033,normal,data\normal\Normal_Videos695_x264.mp4
425,normal,data\normal\Normal_Videos038_x264.mp4
862,normal,data\normal\Normal_Videos515_x264.mp4
1346,normal,data\normal\Normal_Videos_940_x264.mp4
810,normal,data\normal\Normal_Videos462_x264.mp4
70,arrest,data\arrest\Arrest021_x264.mp4
1735,shoplifting,data\shoplifting\Shoplifting040_x264.mp4
84,arrest,data\arrest\Arrest035_x264.mp4
958,normal,data\normal\Normal_Videos615_x264.mp4
1117,normal,data\normal\Normal_Videos793_x264.mp4
740,normal,data\normal\Normal_Videos387_x264.mp4
1694,shooting,data\shooting\Shooting048_x264.mp4
1745,shoplifting,data\shoplifting\Shoplifting051_x264.mp4
584,normal,data\normal\Normal_Videos218_x264.mp4
1677,shooting,data\shooting\Shooting029_x264.mp4
1396,roadaccidents,data\roadaccidents\RoadAccidents048_x264.mp4
699,normal,data\normal\Normal_Videos342_x264.mp4
1443,roadaccidents,data\roadaccidents\RoadAccidents095_x264.mp4
233,burglary,data\burglary\Burglary034_x264.mp4
298,burglary,data\burglary\Burglary099_x264.mp4
1100,normal,data\normal\Normal_Videos771_x264.mp4
1692,shooting,data\shooting\Shooting046_x264.mp4
1622,robbery,data\robbery\Robbery123_x264.mp4
938,normal,data\normal\Normal_Videos592_x264.mp4
1428,roadaccidents,data\roadaccidents\RoadAccidents080_x264.mp4
973,normal,data\normal\Normal_Videos631_x264.mp4
1391,roadaccidents,data\roadaccidents\RoadAccidents042_x264.mp4
284,burglary,data\burglary\Burglary085_x264.mp4
629,normal,data\normal\Normal_Videos268_x264.mp4
1513,robbery,data\robbery\Robbery014_x264.mp4
1510,robbery,data\robbery\Robbery011_x264.mp4
1550,robbery,data\robbery\Robbery051_x264.mp4
378,fighting,data\fighting\Fighting030_x264.mp4
1404,roadaccidents,data\roadaccidents\RoadAccidents056_x264.mp4
1877,vandalism,data\vandalism\Vandalism028_x264.mp4
1453,roadaccidents,data\roadaccidents\RoadAccidents105_x264.mp4
492,normal,data\normal\Normal_Videos116_x264.mp4
1498,roadaccidents,data\roadaccidents\RoadAccidents150_x264.mp4
1632,robbery,data\robbery\Robbery133_x264.mp4
118,arson,data\arson\Arson020_x264.mp4
1519,robbery,data\robbery\Robbery020_x264.mp4
196,assault,data\assault\Assault049_x264.mp4
379,fighting,data\fighting\Fighting031_x264.mp4
873,normal,data\normal\Normal_Videos526_x264.mp4
1529,robbery,data\robbery\Robbery030_x264.mp4
1499,roadaccidents,data\roadaccidents\RoadAccidents151_x264.mp4
1199,normal,data\normal\Normal_Videos950_x264.mp4
1287,normal,data\normal\Normal_Videos_874_x264.mp4
888,normal,data\normal\Normal_Videos541_x264.mp4
312,explosion,data\explosion\Explosion013_x264.mp4
1146,normal,data\normal\Normal_Videos824_x264.mp4
646,normal,data\normal\Normal_Videos285_x264.mp4
1563,robbery,data\robbery\Robbery064_x264.mp4
241,burglary,data\burglary\Burglary042_x264.mp4
1113,normal,data\normal\Normal_Videos789_x264.mp4
224,burglary,data\burglary\Burglary025_x264.mp4
396,fighting,data\fighting\Fighting048_x264.mp4
1698,shooting,data\shooting\Shooting053_x264.mp4
995,normal,data\normal\Normal_Videos655_x264.mp4
1084,normal,data\normal\Normal_Videos754_x264.mp4
335,explosion,data\explosion\Explosion037_x264.mp4
1452,roadaccidents,data\roadaccidents\RoadAccidents104_x264.mp4
81,arrest,data\arrest\Arrest032_x264.mp4
1588,robbery,data\robbery\Robbery089_x264.mp4
1711,shoplifting,data\shoplifting\Shoplifting014_x264.mp4
153,assault,data\assault\Assault004_x264.mp4
463,normal,data\normal\Normal_Videos086_x264.mp4
1461,roadaccidents,data\roadaccidents\RoadAccidents113_x264.mp4
1182,normal,data\normal\Normal_Videos862_x264.mp4
587,normal,data\normal\Normal_Videos221_x264.mp4
1690,shooting,data\shooting\Shooting043_x264.mp4
33,abuse,data\abuse\Abuse034_x264.mp4
1281,normal,data\normal\Normal_Videos_868_x264.mp4
401,normal,data\normal\Normal_Videos002_x264.mp4
274,burglary,data\burglary\Burglary075_x264.mp4
767,normal,data\normal\Normal_Videos415_x264.mp4
259,burglary,data\burglary\Burglary060_x264.mp4
1092,normal,data\normal\Normal_Videos763_x264.mp4
1277,normal,data\normal\Normal_Videos_828_x264.mp4
535,normal,data\normal\Normal_Videos161_x264.mp4
1684,shooting,data\shooting\Shooting037_x264.mp4
484,normal,data\normal\Normal_Videos108_x264.mp4
712,normal,data\normal\Normal_Videos357_x264.mp4
550,normal,data\normal\Normal_Videos178_x264.mp4
913,normal,data\normal\Normal_Videos566_x264.mp4
1647,robbery,data\robbery\Robbery148_x264.mp4
1664,shooting,data\shooting\Shooting015_x264.mp4
558,normal,data\normal\Normal_Videos187_x264.mp4
1022,normal,data\normal\Normal_Videos683_x264.mp4
897,normal,data\normal\Normal_Videos550_x264.mp4
1875,vandalism,data\vandalism\Vandalism026_x264.mp4
551,normal,data\normal\Normal_Videos179_x264.mp4
1173,normal,data\normal\Normal_Videos853_x264.mp4
726,normal,data\normal\Normal_Videos373_x264.mp4
753,normal,data\normal\Normal_Videos400_x264.mp4
1405,roadaccidents,data\roadaccidents\RoadAccidents057_x264.mp4
903,normal,data\normal\Normal_Videos556_x264.mp4
895,normal,data\normal\Normal_Videos548_x264.mp4
1566,robbery,data\robbery\Robbery067_x264.mp4
265,burglary,data\burglary\Burglary066_x264.mp4
1216,normal,data\normal\Normal_Videos_051_x264.mp4
126,arson,data\arson\Arson028_x264.mp4
327,explosion,data\explosion\Explosion028_x264.mp4
192,assault,data\assault\Assault045_x264.mp4
183,assault,data\assault\Assault035_x264.mp4
1104,normal,data\normal\Normal_Videos775_x264.mp4
267,burglary,data\burglary\Burglary068_x264.mp4
250,burglary,data\burglary\Burglary051_x264.mp4
1880,vandalism,data\vandalism\Vandalism031_x264.mp4
1467,roadaccidents,data\roadaccidents\RoadAccidents119_x264.mp4
1630,robbery,data\robbery\Robbery131_x264.mp4
302,explosion,data\explosion\Explosion003_x264.mp4
1592,robbery,data\robbery\Robbery093_x264.mp4
1787,stealing,data\stealing\Stealing046_x264.mp4
1501,robbery,data\robbery\Robbery002_x264.mp4
607,normal,data\normal\Normal_Videos242_x264.mp4
789,normal,data\normal\Normal_Videos438_x264.mp4
90,arrest,data\arrest\Arrest041_x264.mp4
1363,roadaccidents,data\roadaccidents\RoadAccidents014_x264.mp4
326,explosion,data\explosion\Explosion027_x264.mp4
228,burglary,data\burglary\Burglary029_x264.mp4
1752,stealing,data\stealing\Stealing004_x264.mp4
1537,robbery,data\robbery\Robbery038_x264.mp4
1504,robbery,data\robbery\Robbery005_x264.mp4
1612,robbery,data\robbery\Robbery113_x264.mp4
801,normal,data\normal\Normal_Videos451_x264.mp4
1681,shooting,data\shooting\Shooting033_x264.mp4
674,normal,data\normal\Normal_Videos316_x264.mp4
1491,roadaccidents,data\roadaccidents\RoadAccidents143_x264.mp4
1163,normal,data\normal\Normal_Videos843_x264.mp4
417,normal,data\normal\Normal_Videos028_x264.mp4
1734,shoplifting,data\shoplifting\Shoplifting039_x264.mp4
1518,robbery,data\robbery\Robbery019_x264.mp4
1635,robbery,data\robbery\Robbery136_x264.mp4
664,normal,data\normal\Normal_Videos304_x264.mp4
234,burglary,data\burglary\Burglary035_x264.mp4
1490,roadaccidents,data\roadaccidents\RoadAccidents142_x264.mp4
1848,stealing,data\stealing\Stealing113_x264.mp4
97,arrest,data\arrest\Arrest049_x264.mp4
1873,vandalism,data\vandalism\Vandalism024_x264.mp4
921,normal,data\normal\Normal_Videos574_x264.mp4
771,normal,data\normal\Normal_Videos420_x264.mp4
990,normal,data\normal\Normal_Videos650_x264.mp4
806,normal,data\normal\Normal_Videos458_x264.mp4
1738,shoplifting,data\shoplifting\Shoplifting043_x264.mp4
296,burglary,data\burglary\Burglary097_x264.mp4
1020,normal,data\normal\Normal_Videos681_x264.mp4
1739,shoplifting,data\shoplifting\Shoplifting044_x264.mp4
1512,robbery,data\robbery\Robbery013_x264.mp4
615,normal,data\normal\Normal_Videos254_x264.mp4
825,normal,data\normal\Normal_Videos477_x264.mp4
1522,robbery,data\robbery\Robbery023_x264.mp4
225,burglary,data\burglary\Burglary026_x264.mp4
1400,roadaccidents,data\roadaccidents\RoadAccidents052_x264.mp4
322,explosion,data\explosion\Explosion023_x264.mp4
591,normal,data\normal\Normal_Videos226_x264.mp4
310,explosion,data\explosion\Explosion011_x264.mp4
1060,normal,data\normal\Normal_Videos729_x264.mp4
1505,robbery,data\robbery\Robbery006_x264.mp4
530,normal,data\normal\Normal_Videos156_x264.mp4
420,normal,data\normal\Normal_Videos031_x264.mp4
880,normal,data\normal\Normal_Videos533_x264.mp4
404,normal,data\normal\Normal_Videos007_x264.mp4
1528,robbery,data\robbery\Robbery029_x264.mp4
1815,stealing,data\stealing\Stealing077_x264.mp4
1243,normal,data\normal\Normal_Videos_352_x264.mp4
199,assault,data\assault\Assault052_x264.mp4
280,burglary,data\burglary\Burglary081_x264.mp4
1449,roadaccidents,data\roadaccidents\RoadAccidents101_x264.mp4
766,normal,data\normal\Normal_Videos414_x264.mp4
670,normal,data\normal\Normal_Videos311_x264.mp4
169,assault,data\assault\Assault020_x264.mp4
1506,robbery,data\robbery\Robbery007_x264.mp4
290,burglary,data\burglary\Burglary091_x264.mp4
1148,normal,data\normal\Normal_Videos826_x264.mp4
662,normal,data\normal\Normal_Videos302_x264.mp4
816,normal,data\normal\Normal_Videos468_x264.mp4
736,normal,data\normal\Normal_Videos383_x264.mp4
113,arson,data\arson\Arson015_x264.mp4
1835,stealing,data\stealing\Stealing100_x264.mp4
955,normal,data\normal\Normal_Videos612_x264.mp4
1087,normal,data\normal\Normal_Videos757_x264.mp4
1843,stealing,data\stealing\Stealing108_x264.mp4
1825,stealing,data\stealing\Stealing088_x264.mp4
1097,normal,data\normal\Normal_Videos768_x264.mp4
636,normal,data\normal\Normal_Videos275_x264.mp4
13,abuse,data\abuse\Abuse014_x264.mp4
263,burglary,data\burglary\Burglary064_x264.mp4
967,normal,data\normal\Normal_Videos625_x264.mp4
870,normal,data\normal\Normal_Videos523_x264.mp4
1542,robbery,data\robbery\Robbery043_x264.mp4
1810,stealing,data\stealing\Stealing071_x264.mp4
1031,normal,data\normal\Normal_Videos693_x264.mp4
107,arson,data\arson\Arson009_x264.mp4
948,normal,data\normal\Normal_Videos604_x264.mp4
1244,normal,data\normal\Normal_Videos_360_x264.mp4
996,normal,data\normal\Normal_Videos657_x264.mp4
1272,normal,data\normal\Normal_Videos_781_x264.mp4
1598,robbery,data\robbery\Robbery099_x264.mp4
1188,normal,data\normal\Normal_Videos918_x264.mp4
564,normal,data\normal\Normal_Videos194_x264.mp4
1063,normal,data\normal\Normal_Videos732_x264.mp4
269,burglary,data\burglary\Burglary070_x264.mp4
1093,normal,data\normal\Normal_Videos764_x264.mp4
582,normal,data\normal\Normal_Videos215_x264.mp4
861,normal,data\normal\Normal_Videos514_x264.mp4
1646,robbery,data\robbery\Robbery147_x264.mp4
594,normal,data\normal\Normal_Videos229_x264.mp4
1076,normal,data\normal\Normal_Videos746_x264.mp4
266,burglary,data\burglary\Burglary067_x264.mp4
985,normal,data\normal\Normal_Videos645_x264.mp4
769,normal,data\normal\Normal_Videos418_x264.mp4
697,normal,data\normal\Normal_Videos340_x264.mp4
1472,roadaccidents,data\roadaccidents\RoadAccidents124_x264.mp4
1179,normal,data\normal\Normal_Videos859_x264.mp4
1200,normal,data\normal\Normal_Videos_003_x264.mp4
1144,normal,data\normal\Normal_Videos822_x264.mp4
1141,normal,data\normal\Normal_Videos819_x264.mp4
1715,shoplifting,data\shoplifting\Shoplifting018_x264.mp4
133,arson,data\arson\Arson036_x264.mp4
172,assault,data\assault\Assault024_x264.mp4
1881,vandalism,data\vandalism\Vandalism032_x264.mp4
1561,robbery,data\robbery\Robbery062_x264.mp4
857,normal,data\normal\Normal_Videos510_x264.mp4
1027,normal,data\normal\Normal_Videos689_x264.mp4
197,assault,data\assault\Assault050_x264.mp4
1164,normal,data\normal\Normal_Videos844_x264.mp4
1215,normal,data\normal\Normal_Videos_050_x264.mp4
78,arrest,data\arrest\Arrest029_x264.mp4
483,normal,data\normal\Normal_Videos107_x264.mp4
438,normal,data\normal\Normal_Videos057_x264.mp4
52,arrest,data\arrest\Arrest003_x264.mp4
49,abuse,data\abuse\Abuse050_x264.mp4
1637,robbery,data\robbery\Robbery138_x264.mp4
647,normal,data\normal\Normal_Videos286_x264.mp4
915,normal,data\normal\Normal_Videos568_x264.mp4
819,normal,data\normal\Normal_Videos471_x264.mp4
128,arson,data\arson\Arson030_x264.mp4
1382,roadaccidents,data\roadaccidents\RoadAccidents033_x264.mp4
621,normal,data\normal\Normal_Videos260_x264.mp4
63,arrest,data\arrest\Arrest014_x264.mp4
523,normal,data\normal\Normal_Videos148_x264.mp4
1654,shooting,data\shooting\Shooting005_x264.mp4
1285,normal,data\normal\Normal_Videos_872_x264.mp4
1854,vandalism,data\vandalism\Vandalism005_x264.mp4
1374,roadaccidents,data\roadaccidents\RoadAccidents025_x264.mp4
679,normal,data\normal\Normal_Videos322_x264.mp4
32,abuse,data\abuse\Abuse033_x264.mp4
799,normal,data\normal\Normal_Videos449_x264.mp4
768,normal,data\normal\Normal_Videos416_x264.mp4
1562,robbery,data\robbery\Robbery063_x264.mp4
555,normal,data\normal\Normal_Videos184_x264.mp4
505,normal,data\normal\Normal_Videos130_x264.mp4
1552,robbery,data\robbery\Robbery053_x264.mp4
1682,shooting,data\shooting\Shooting034_x264.mp4
291,burglary,data\burglary\Burglary092_x264.mp4
26,abuse,data\abuse\Abuse027_x264.mp4
1547,robbery,data\robbery\Robbery048_x264.mp4
1754,stealing,data\stealing\Stealing007_x264.mp4
912,normal,data\normal\Normal_Videos565_x264.mp4
886,normal,data\normal\Normal_Videos539_x264.mp4
1785,stealing,data\stealing\Stealing044_x264.mp4
940,normal,data\normal\Normal_Videos594_x264.mp4
1438,roadaccidents,data\roadaccidents\RoadAccidents090_x264.mp4
1232,normal,data\normal\Normal_Videos_217_x264.mp4
1860,vandalism,data\vandalism\Vandalism011_x264.mp4
1492,roadaccidents,data\roadaccidents\RoadAccidents144_x264.mp4
1585,robbery,data\robbery\Robbery086_x264.mp4
165,assault,data\assault\Assault016_x264.mp4
901,normal,data\normal\Normal_Videos554_x264.mp4
989,normal,data\normal\Normal_Videos649_x264.mp4
1175,normal,data\normal\Normal_Videos855_x264.mp4
1069,normal,data\normal\Normal_Videos738_x264.mp4
954,normal,data\normal\Normal_Videos611_x264.mp4
1544,robbery,data\robbery\Robbery045_x264.mp4
632,normal,data\normal\Normal_Videos271_x264.mp4
1055,normal,data\normal\Normal_Videos723_x264.mp4
688,normal,data\normal\Normal_Videos331_x264.mp4
1000,normal,data\normal\Normal_Videos661_x264.mp4
1656,shooting,data\shooting\Shooting007_x264.mp4
521,normal,data\normal\Normal_Videos146_x264.mp4
887,normal,data\normal\Normal_Videos540_x264.mp4
28,abuse,data\abuse\Abuse029_x264.mp4
1575,robbery,data\robbery\Robbery076_x264.mp4
361,fighting,data\fighting\Fighting013_x264.mp4
1847,stealing,data\stealing\Stealing112_x264.mp4
803,normal,data\normal\Normal_Videos455_x264.mp4
0,abuse,data\abuse\Abuse001_x264.mp4
1651,shooting,data\shooting\Shooting002_x264.mp4
1858,vandalism,data\vandalism\Vandalism009_x264.mp4
1406,roadaccidents,data\roadaccidents\RoadAccidents058_x264.mp4
1511,robbery,data\robbery\Robbery012_x264.mp4
598,normal,data\normal\Normal_Videos233_x264.mp4
1074,normal,data\normal\Normal_Videos743_x264.mp4
138,arson,data\arson\Arson041_x264.mp4
60,arrest,data\arrest\Arrest011_x264.mp4
777,normal,data\normal\Normal_Videos426_x264.mp4
1299,normal,data\normal\Normal_Videos_886_x264.mp4
360,fighting,data\fighting\Fighting012_x264.mp4
170,assault,data\assault\Assault022_x264.mp4
829,normal,data\normal\Normal_Videos482_x264.mp4
1434,roadaccidents,data\roadaccidents\RoadAccidents086_x264.mp4
295,burglary,data\burglary\Burglary096_x264.mp4
978,normal,data\normal\Normal_Videos637_x264.mp4
602,normal,data\normal\Normal_Videos237_x264.mp4
945,normal,data\normal\Normal_Videos600_x264.mp4
1748,shoplifting,data\shoplifting\Shoplifting054_x264.mp4
1476,roadaccidents,data\roadaccidents\RoadAccidents128_x264.mp4
1517,robbery,data\robbery\Robbery018_x264.mp4
877,normal,data\normal\Normal_Videos530_x264.mp4
240,burglary,data\burglary\Burglary041_x264.mp4
1225,normal,data\normal\Normal_Videos_168_x264.mp4
742,normal,data\normal\Normal_Videos389_x264.mp4
1837,stealing,data\stealing\Stealing102_x264.mp4
1797,stealing,data\stealing\Stealing057_x264.mp4
1538,robbery,data\robbery\Robbery039_x264.mp4
54,arrest,data\arrest\Arrest005_x264.mp4
350,fighting,data\fighting\Fighting002_x264.mp4
330,explosion,data\explosion\Explosion032_x264.mp4
1116,normal,data\normal\Normal_Videos792_x264.mp4
432,normal,data\normal\Normal_Videos047_x264.mp4
1381,roadaccidents,data\roadaccidents\RoadAccidents032_x264.mp4
1133,normal,data\normal\Normal_Videos811_x264.mp4
617,normal,data\normal\Normal_Videos256_x264.mp4
1772,stealing,data\stealing\Stealing025_x264.mp4
643,normal,data\normal\Normal_Videos282_x264.mp4
125,arson,data\arson\Arson027_x264.mp4
705,normal,data\normal\Normal_Videos349_x264.mp4
1303,normal,data\normal\Normal_Videos_890_x264.mp4
844,normal,data\normal\Normal_Videos497_x264.mp4
1207,normal,data\normal\Normal_Videos_024_x264.mp4
849,normal,data\normal\Normal_Videos502_x264.mp4
1169,normal,data\normal\Normal_Videos849_x264.mp4
1341,normal,data\normal\Normal_Videos_935_x264.mp4
1509,robbery,data\robbery\Robbery010_x264.mp4
898,normal,data\normal\Normal_Videos551_x264.mp4
15,abuse,data\abuse\Abuse016_x264.mp4
1014,normal,data\normal\Normal_Videos675_x264.mp4
522,normal,data\normal\Normal_Videos147_x264.mp4
1394,roadaccidents,data\roadaccidents\RoadAccidents046_x264.mp4
542,normal,data\normal\Normal_Videos169_x264.mp4
1892,vandalism,data\vandalism\Vandalism043_x264.mp4
1430,roadaccidents,data\roadaccidents\RoadAccidents082_x264.mp4
675,normal,data\normal\Normal_Videos318_x264.mp4
1035,normal,data\normal\Normal_Videos698_x264.mp4
1883,vandalism,data\vandalism\Vandalism034_x264.mp4
1555,robbery,data\robbery\Robbery056_x264.mp4
1471,roadaccidents,data\roadaccidents\RoadAccidents123_x264.mp4
1862,vandalism,data\vandalism\Vandalism013_x264.mp4
1891,vandalism,data\vandalism\Vandalism042_x264.mp4
770,normal,data\normal\Normal_Videos419_x264.mp4
650,normal,data\normal\Normal_Videos290_x264.mp4
1621,robbery,data\robbery\Robbery122_x264.mp4
947,normal,data\normal\Normal_Videos602_x264.mp4
1474,roadaccidents,data\roadaccidents\RoadAccidents126_x264.mp4
500,normal,data\normal\Normal_Videos124_x264.mp4
1121,normal,data\normal\Normal_Videos797_x264.mp4
1628,robbery,data\robbery\Robbery129_x264.mp4
71,arrest,data\arrest\Arrest022_x264.mp4
339,explosion,data\explosion\Explosion041_x264.mp4
12,abuse,data\abuse\Abuse013_x264.mp4
1716,shoplifting,data\shoplifting\Shoplifting019_x264.mp4
1111,normal,data\normal\Normal_Videos787_x264.mp4
1422,roadaccidents,data\roadaccidents\RoadAccidents074_x264.mp4
1339,normal,data\normal\Normal_Videos_933_x264.mp4
1234,normal,data\normal\Normal_Videos_246_x264.mp4
1749,shoplifting,data\shoplifting\Shoplifting055_x264.mp4
1757,stealing,data\stealing\Stealing010_x264.mp4
468,normal,data\normal\Normal_Videos091_x264.mp4
1540,robbery,data\robbery\Robbery041_x264.mp4
1581,robbery,data\robbery\Robbery082_x264.mp4
725,normal,data\normal\Normal_Videos372_x264.mp4
388,fighting,data\fighting\Fighting040_x264.mp4
802,normal,data\normal\Normal_Videos454_x264.mp4
428,normal,data\normal\Normal_Videos043_x264.mp4
1853,vandalism,data\vandalism\Vandalism004_x264.mp4
129,arson,data\arson\Arson031_x264.mp4
124,arson,data\arson\Arson026_x264.mp4
1044,normal,data\normal\Normal_Videos709_x264.mp4
381,fighting,data\fighting\Fighting033_x264.mp4
87,arrest,data\arrest\Arrest038_x264.mp4
907,normal,data\normal\Normal_Videos560_x264.mp4
760,normal,data\normal\Normal_Videos408_x264.mp4
941,normal,data\normal\Normal_Videos595_x264.mp4
1089,normal,data\normal\Normal_Videos760_x264.mp4
10,abuse,data\abuse\Abuse011_x264.mp4
456,normal,data\normal\Normal_Videos079_x264.mp4
668,normal,data\normal\Normal_Videos308_x264.mp4
751,normal,data\normal\Normal_Videos398_x264.mp4
171,assault,data\assault\Assault023_x264.mp4
1167,normal,data\normal\Normal_Videos847_x264.mp4
1105,normal,data\normal\Normal_Videos776_x264.mp4
597,normal,data\normal\Normal_Videos232_x264.mp4
1470,roadaccidents,data\roadaccidents\RoadAccidents122_x264.mp4
1437,roadaccidents,data\roadaccidents\RoadAccidents089_x264.mp4
1274,normal,data\normal\Normal_Videos_783_x264.mp4
1865,vandalism,data\vandalism\Vandalism016_x264.mp4
746,normal,data\normal\Normal_Videos393_x264.mp4
1028,normal,data\normal\Normal_Videos690_x264.mp4
91,arrest,data\arrest\Arrest042_x264.mp4
457,normal,data\normal\Normal_Videos080_x264.mp4
845,normal,data\normal\Normal_Videos498_x264.mp4
689,normal,data\normal\Normal_Videos332_x264.mp4
1503,robbery,data\robbery\Robbery004_x264.mp4
1565,robbery,data\robbery\Robbery066_x264.mp4
1722,shoplifting,data\shoplifting\Shoplifting026_x264.mp4
1249,normal,data\normal\Normal_Videos_452_x264.mp4
1016,normal,data\normal\Normal_Videos677_x264.mp4
1417,roadaccidents,data\roadaccidents\RoadAccidents069_x264.mp4
416,normal,data\normal\Normal_Videos026_x264.mp4
711,normal,data\normal\Normal_Videos356_x264.mp4
506,normal,data\normal\Normal_Videos131_x264.mp4
578,normal,data\normal\Normal_Videos211_x264.mp4
1380,roadaccidents,data\roadaccidents\RoadAccidents031_x264.mp4
969,normal,data\normal\Normal_Videos627_x264.mp4
1170,normal,data\normal\Normal_Videos850_x264.mp4
1520,robbery,data\robbery\Robbery021_x264.mp4
652,normal,data\normal\Normal_Videos292_x264.mp4
1300,normal,data\normal\Normal_Videos_887_x264.mp4
1145,normal,data\normal\Normal_Videos823_x264.mp4
1015,normal,data\normal\Normal_Videos676_x264.mp4
160,assault,data\assault\Assault011_x264.mp4
622,normal,data\normal\Normal_Videos261_x264.mp4
1325,normal,data\normal\Normal_Videos_912_x264.mp4
933,normal,data\normal\Normal_Videos587_x264.mp4
50,arrest,data\arrest\Arrest001_x264.mp4
1897,vandalism,data\vandalism\Vandalism048_x264.mp4
517,normal,data\normal\Normal_Videos142_x264.mp4
1174,normal,data\normal\Normal_Videos854_x264.mp4
152,assault,data\assault\Assault003_x264.mp4
441,normal,data\normal\Normal_Videos061_x264.mp4
387,fighting,data\fighting\Fighting039_x264.mp4
181,assault,data\assault\Assault033_x264.mp4
984,normal,data\normal\Normal_Videos644_x264.mp4
341,explosion,data\explosion\Explosion043_x264.mp4
1816,stealing,data\stealing\Stealing078_x264.mp4
1338,normal,data\normal\Normal_Videos_932_x264.mp4
1551,robbery,data\robbery\Robbery052_x264.mp4
1603,robbery,data\robbery\Robbery104_x264.mp4
655,normal,data\normal\Normal_Videos295_x264.mp4
117,arson,data\arson\Arson019_x264.mp4
1857,vandalism,data\vandalism\Vandalism008_x264.mp4
1181,normal,data\normal\Normal_Videos861_x264.mp4
140,arson,data\arson\Arson044_x264.mp4
271,burglary,data\burglary\Burglary072_x264.mp4
1323,normal,data\normal\Normal_Videos_910_x264.mp4
1629,robbery,data\robbery\Robbery130_x264.mp4
625,normal,data\normal\Normal_Videos264_x264.mp4
874,normal,data\normal\Normal_Videos527_x264.mp4
737,normal,data\normal\Normal_Videos384_x264.mp4
42,abuse,data\abuse\Abuse043_x264.mp4
397,fighting,data\fighting\Fighting049_x264.mp4
85,arrest,data\arrest\Arrest036_x264.mp4
167,assault,data\assault\Assault018_x264.mp4
937,normal,data\normal\Normal_Videos591_x264.mp4
297,burglary,data\burglary\Burglary098_x264.mp4
842,normal,data\normal\Normal_Videos495_x264.mp4
1190,normal,data\normal\Normal_Videos920_x264.mp4
735,normal,data\normal\Normal_Videos382_x264.mp4
586,normal,data\normal\Normal_Videos220_x264.mp4
863,normal,data\normal\Normal_Videos516_x264.mp4
1769,stealing,data\stealing\Stealing022_x264.mp4
570,normal,data\normal\Normal_Videos201_x264.mp4
1459,roadaccidents,data\roadaccidents\RoadAccidents111_x264.mp4
1385,roadaccidents,data\roadaccidents\RoadAccidents036_x264.mp4
348,explosion,data\explosion\Explosion051_x264.mp4
1587,robbery,data\robbery\Robbery088_x264.mp4
1725,shoplifting,data\shoplifting\Shoplifting029_x264.mp4
257,burglary,data\burglary\Burglary058_x264.mp4
1308,normal,data\normal\Normal_Videos_895_x264.mp4
1591,robbery,data\robbery\Robbery092_x264.mp4
1347,normal,data\normal\Normal_Videos_941_x264.mp4
1233,normal,data\normal\Normal_Videos_224_x264.mp4
576,normal,data\normal\Normal_Videos208_x264.mp4
142,arson,data\arson\Arson046_x264.mp4
1320,normal,data\normal\Normal_Videos_907_x264.mp4
1669,shooting,data\shooting\Shooting021_x264.mp4
1885,vandalism,data\vandalism\Vandalism036_x264.mp4
1611,robbery,data\robbery\Robbery112_x264.mp4
1660,shooting,data\shooting\Shooting011_x264.mp4
575,normal,data\normal\Normal_Videos207_x264.mp4
1366,roadaccidents,data\roadaccidents\RoadAccidents017_x264.mp4
824,normal,data\normal\Normal_Videos476_x264.mp4
1315,normal,data\normal\Normal_Videos_902_x264.mp4
1663,shooting,data\shooting\Shooting014_x264.mp4
407,normal,data\normal\Normal_Videos011_x264.mp4
1408,roadaccidents,data\roadaccidents\RoadAccidents060_x264.mp4
875,normal,data\normal\Normal_Videos528_x264.mp4
515,normal,data\normal\Normal_Videos140_x264.mp4
1242,normal,data\normal\Normal_Videos_345_x264.mp4
282,burglary,data\burglary\Burglary083_x264.mp4
1401,roadaccidents,data\roadaccidents\RoadAccidents053_x264.mp4
1746,shoplifting,data\shoplifting\Shoplifting052_x264.mp4
1441,roadaccidents,data\roadaccidents\RoadAccidents093_x264.mp4
963,normal,data\normal\Normal_Videos620_x264.mp4
661,normal,data\normal\Normal_Videos301_x264.mp4
373,fighting,data\fighting\Fighting025_x264.mp4
1523,robbery,data\robbery\Robbery024_x264.mp4
1332,normal,data\normal\Normal_Videos_926_x264.mp4
644,normal,data\normal\Normal_Videos283_x264.mp4
959,normal,data\normal\Normal_Videos616_x264.mp4
1226,normal,data\normal\Normal_Videos_175_x264.mp4
1354,roadaccidents,data\roadaccidents\RoadAccidents005_x264.mp4
43,abuse,data\abuse\Abuse044_x264.mp4
301,explosion,data\explosion\Explosion002_x264.mp4
385,fighting,data\fighting\Fighting037_x264.mp4
794,normal,data\normal\Normal_Videos444_x264.mp4
451,normal,data\normal\Normal_Videos074_x264.mp4
460,normal,data\normal\Normal_Videos083_x264.mp4
429,normal,data\normal\Normal_Videos044_x264.mp4
1531,robbery,data\robbery\Robbery032_x264.mp4
1050,normal,data\normal\Normal_Videos716_x264.mp4
997,normal,data\normal\Normal_Videos658_x264.mp4
1131,normal,data\normal\Normal_Videos809_x264.mp4
1,abuse,data\abuse\Abuse002_x264.mp4
1081,normal,data\normal\Normal_Videos751_x264.mp4
581,normal,data\normal\Normal_Videos214_x264.mp4
920,normal,data\normal\Normal_Videos573_x264.mp4
1508,robbery,data\robbery\Robbery009_x264.mp4
1683,shooting,data\shooting\Shooting036_x264.mp4
739,normal,data\normal\Normal_Videos386_x264.mp4
1298,normal,data\normal\Normal_Videos_885_x264.mp4
878,normal,data\normal\Normal_Videos531_x264.mp4
1376,roadaccidents,data\roadaccidents\RoadAccidents027_x264.mp4
1201,normal,data\normal\Normal_Videos_006_x264.mp4
288,burglary,data\burglary\Burglary089_x264.mp4
1696,shooting,data\shooting\Shooting051_x264.mp4
1464,roadaccidents,data\roadaccidents\RoadAccidents116_x264.mp4
778,normal,data\normal\Normal_Videos427_x264.mp4
1826,stealing,data\stealing\Stealing089_x264.mp4
1209,normal,data\normal\Normal_Videos_027_x264.mp4
1672,shooting,data\shooting\Shooting024_x264.mp4
1653,shooting,data\shooting\Shooting004_x264.mp4
1514,robbery,data\robbery\Robbery015_x264.mp4
1384,roadaccidents,data\roadaccidents\RoadAccidents035_x264.mp4
1321,normal,data\normal\Normal_Videos_908_x264.mp4
508,normal,data\normal\Normal_Videos133_x264.mp4
1706,shoplifting,data\shoplifting\Shoplifting008_x264.mp4
548,normal,data\normal\Normal_Videos176_x264.mp4
48,abuse,data\abuse\Abuse049_x264.mp4
1155,normal,data\normal\Normal_Videos835_x264.mp4
474,normal,data\normal\Normal_Videos097_x264.mp4
1812,stealing,data\stealing\Stealing073_x264.mp4
1161,normal,data\normal\Normal_Videos841_x264.mp4
333,explosion,data\explosion\Explosion035_x264.mp4
306,explosion,data\explosion\Explosion007_x264.mp4
981,normal,data\normal\Normal_Videos640_x264.mp4
1313,normal,data\normal\Normal_Videos_900_x264.mp4
1707,shoplifting,data\shoplifting\Shoplifting009_x264.mp4
590,normal,data\normal\Normal_Videos225_x264.mp4
1047,normal,data\normal\Normal_Videos713_x264.mp4
176,assault,data\assault\Assault028_x264.mp4
1109,normal,data\normal\Normal_Videos785_x264.mp4
1378,roadaccidents,data\roadaccidents\RoadAccidents029_x264.mp4
182,assault,data\assault\Assault034_x264.mp4
278,burglary,data\burglary\Burglary079_x264.mp4
1546,robbery,data\robbery\Robbery047_x264.mp4
708,normal,data\normal\Normal_Videos353_x264.mp4
1019,normal,data\normal\Normal_Videos680_x264.mp4
681,normal,data\normal\Normal_Videos324_x264.mp4
154,assault,data\assault\Assault005_x264.mp4
568,normal,data\normal\Normal_Videos199_x264.mp4
201,burglary,data\burglary\Burglary002_x264.mp4
1291,normal,data\normal\Normal_Videos_878_x264.mp4
641,normal,data\normal\Normal_Videos280_x264.mp4
983,normal,data\normal\Normal_Videos643_x264.mp4
972,normal,data\normal\Normal_Videos630_x264.mp4
823,normal,data\normal\Normal_Videos475_x264.mp4
1534,robbery,data\robbery\Robbery035_x264.mp4
1322,normal,data\normal\Normal_Videos_909_x264.mp4
363,fighting,data\fighting\Fighting015_x264.mp4
765,normal,data\normal\Normal_Videos413_x264.mp4
409,normal,data\normal\Normal_Videos013_x264.mp4
1710,shoplifting,data\shoplifting\Shoplifting013_x264.mp4
635,normal,data\normal\Normal_Videos274_x264.mp4
618,normal,data\normal\Normal_Videos257_x264.mp4
1697,shooting,data\shooting\Shooting052_x264.mp4
311,explosion,data\explosion\Explosion012_x264.mp4
399,fighting,data\fighting\Fighting051_x264.mp4
876,normal,data\normal\Normal_Videos529_x264.mp4
1869,vandalism,data\vandalism\Vandalism020_x264.mp4
946,normal,data\normal\Normal_Videos601_x264.mp4
561,normal,data\normal\Normal_Videos191_x264.mp4
1120,normal,data\normal\Normal_Videos796_x264.mp4
1223,normal,data\normal\Normal_Videos_129_x264.mp4
103,arson,data\arson\Arson005_x264.mp4
212,burglary,data\burglary\Burglary013_x264.mp4
703,normal,data\normal\Normal_Videos347_x264.mp4
1852,vandalism,data\vandalism\Vandalism003_x264.mp4
835,normal,data\normal\Normal_Videos488_x264.mp4
1231,normal,data\normal\Normal_Videos_210_x264.mp4
1431,roadaccidents,data\roadaccidents\RoadAccidents083_x264.mp4
1567,robbery,data\robbery\Robbery068_x264.mp4
1435,roadaccidents,data\roadaccidents\RoadAccidents087_x264.mp4
626,normal,data\normal\Normal_Videos265_x264.mp4
353,fighting,data\fighting\Fighting005_x264.mp4
1676,shooting,data\shooting\Shooting028_x264.mp4
1786,stealing,data\stealing\Stealing045_x264.mp4
752,normal,data\normal\Normal_Videos399_x264.mp4
1624,robbery,data\robbery\Robbery125_x264.mp4
821,normal,data\normal\Normal_Videos473_x264.mp4
102,arson,data\arson\Arson003_x264.mp4
62,arrest,data\arrest\Arrest013_x264.mp4
390,fighting,data\fighting\Fighting042_x264.mp4
1258,normal,data\normal\Normal_Videos_641_x264.mp4
106,arson,data\arson\Arson008_x264.mp4
1066,normal,data\normal\Normal_Videos735_x264.mp4
155,assault,data\assault\Assault006_x264.mp4
386,fighting,data\fighting\Fighting038_x264.mp4
827,normal,data\normal\Normal_Videos480_x264.mp4
850,normal,data\normal\Normal_Videos503_x264.mp4
349,explosion,data\explosion\Explosion052_x264.mp4
1655,shooting,data\shooting\Shooting006_x264.mp4
69,arrest,data\arrest\Arrest020_x264.mp4
1421,roadaccidents,data\roadaccidents\RoadAccidents073_x264.mp4
11,abuse,data\abuse\Abuse012_x264.mp4
127,arson,data\arson\Arson029_x264.mp4
1650,shooting,data\shooting\Shooting001_x264.mp4
443,normal,data\normal\Normal_Videos064_x264.mp4
589,normal,data\normal\Normal_Videos223_x264.mp4
1003,normal,data\normal\Normal_Videos664_x264.mp4
40,abuse,data\abuse\Abuse041_x264.mp4
1747,shoplifting,data\shoplifting\Shoplifting053_x264.mp4
1526,robbery,data\robbery\Robbery027_x264.mp4
299,burglary,data\burglary\Burglary100_x264.mp4
565,normal,data\normal\Normal_Videos195_x264.mp4
502,normal,data\normal\Normal_Videos126_x264.mp4
1229,normal,data\normal\Normal_Videos_196_x264.mp4
7,abuse,data\abuse\Abuse008_x264.mp4
795,normal,data\normal\Normal_Videos445_x264.mp4
141,arson,data\arson\Arson045_x264.mp4
1688,shooting,data\shooting\Shooting041_x264.mp4
1129,normal,data\normal\Normal_Videos807_x264.mp4
639,normal,data\normal\Normal_Videos278_x264.mp4
987,normal,data\normal\Normal_Videos647_x264.mp4
1419,roadaccidents,data\roadaccidents\RoadAccidents071_x264.mp4
21,abuse,data\abuse\Abuse022_x264.mp4
902,normal,data\normal\Normal_Videos555_x264.mp4
1648,robbery,data\robbery\Robbery149_x264.mp4
623,normal,data\normal\Normal_Videos262_x264.mp4
1657,shooting,data\shooting\Shooting008_x264.mp4
1553,robbery,data\robbery\Robbery054_x264.mp4
715,normal,data\normal\Normal_Videos361_x264.mp4
1197,normal,data\normal\Normal_Videos948_x264.mp4
89,arrest,data\arrest\Arrest040_x264.mp4
1108,normal,data\normal\Normal_Videos784_x264.mp4
520,normal,data\normal\Normal_Videos145_x264.mp4
1733,shoplifting,data\shoplifting\Shoplifting038_x264.mp4
1803,stealing,data\stealing\Stealing063_x264.mp4
527,normal,data\normal\Normal_Videos153_x264.mp4
839,normal,data\normal\Normal_Videos492_x264.mp4
1204,normal,data\normal\Normal_Videos_015_x264.mp4
1369,roadaccidents,data\roadaccidents\RoadAccidents020_x264.mp4
1345,normal,data\normal\Normal_Videos_939_x264.mp4
147,arson,data\arson\Arson051_x264.mp4
1775,stealing,data\stealing\Stealing028_x264.mp4
889,normal,data\normal\Normal_Videos542_x264.mp4
1521,robbery,data\robbery\Robbery022_x264.mp4
991,normal,data\normal\Normal_Videos651_x264.mp4
1266,normal,data\normal\Normal_Videos_722_x264.mp4
1059,normal,data\normal\Normal_Videos728_x264.mp4
148,arson,data\arson\Arson052_x264.mp4
1295,normal,data\normal\Normal_Videos_882_x264.mp4
932,normal,data\normal\Normal_Videos586_x264.mp4
1712,shoplifting,data\shoplifting\Shoplifting015_x264.mp4
61,arrest,data\arrest\Arrest012_x264.mp4
993,normal,data\normal\Normal_Videos653_x264.mp4
426,normal,data\normal\Normal_Videos039_x264.mp4
1067,normal,data\normal\Normal_Videos736_x264.mp4
672,normal,data\normal\Normal_Videos314_x264.mp4
1241,normal,data\normal\Normal_Videos_317_x264.mp4
1439,roadaccidents,data\roadaccidents\RoadAccidents091_x264.mp4
328,explosion,data\explosion\Explosion029_x264.mp4
782,normal,data\normal\Normal_Videos431_x264.mp4
1261,normal,data\normal\Normal_Videos_696_x264.mp4
1782,stealing,data\stealing\Stealing037_x264.mp4
1032,normal,data\normal\Normal_Videos694_x264.mp4
1088,normal,data\normal\Normal_Videos759_x264.mp4
730,normal,data\normal\Normal_Videos377_x264.mp4
1383,roadaccidents,data\roadaccidents\RoadAccidents034_x264.mp4
1867,vandalism,data\vandalism\Vandalism018_x264.mp4
406,normal,data\normal\Normal_Videos009_x264.mp4
1230,normal,data\normal\Normal_Videos_203_x264.mp4
318,explosion,data\explosion\Explosion019_x264.mp4
929,normal,data\normal\Normal_Videos583_x264.mp4
480,normal,data\normal\Normal_Videos104_x264.mp4
1312,normal,data\normal\Normal_Videos_899_x264.mp4
162,assault,data\assault\Assault013_x264.mp4
1086,normal,data\normal\Normal_Videos756_x264.mp4
687,normal,data\normal\Normal_Videos330_x264.mp4
1171,normal,data\normal\Normal_Videos851_x264.mp4
1817,stealing,data\stealing\Stealing079_x264.mp4
1195,normal,data\normal\Normal_Videos946_x264.mp4
696,normal,data\normal\Normal_Videos339_x264.mp4
276,burglary,data\burglary\Burglary077_x264.mp4
254,burglary,data\burglary\Burglary055_x264.mp4
1119,normal,data\normal\Normal_Videos795_x264.mp4
168,assault,data\assault\Assault019_x264.mp4
336,explosion,data\explosion\Explosion038_x264.mp4
77,arrest,data\arrest\Arrest028_x264.mp4
1415,roadaccidents,data\roadaccidents\RoadAccidents067_x264.mp4
1732,shoplifting,data\shoplifting\Shoplifting037_x264.mp4
867,normal,data\normal\Normal_Videos520_x264.mp4
244,burglary,data\burglary\Burglary045_x264.mp4
1795,stealing,data\stealing\Stealing054_x264.mp4
1497,roadaccidents,data\roadaccidents\RoadAccidents149_x264.mp4
648,normal,data\normal\Normal_Videos287_x264.mp4
6,abuse,data\abuse\Abuse007_x264.mp4
775,normal,data\normal\Normal_Videos424_x264.mp4
1269,normal,data\normal\Normal_Videos_758_x264.mp4
532,normal,data\normal\Normal_Videos158_x264.mp4
459,normal,data\normal\Normal_Videos082_x264.mp4
218,burglary,data\burglary\Burglary019_x264.mp4
121,arson,data\arson\Arson023_x264.mp4
1064,normal,data\normal\Normal_Videos733_x264.mp4
899,normal,data\normal\Normal_Videos552_x264.mp4
1610,robbery,data\robbery\Robbery111_x264.mp4
1729,shoplifting,data\shoplifting\Shoplifting033_x264.mp4
137,arson,data\arson\Arson040_x264.mp4
1868,vandalism,data\vandalism\Vandalism019_x264.mp4
222,burglary,data\burglary\Burglary023_x264.mp4
1790,stealing,data\stealing\Stealing049_x264.mp4
1608,robbery,data\robbery\Robbery109_x264.mp4
1442,roadaccidents,data\roadaccidents\RoadAccidents094_x264.mp4
99,arrest,data\arrest\Arrest051_x264.mp4
9,abuse,data\abuse\Abuse010_x264.mp4
1594,robbery,data\robbery\Robbery095_x264.mp4
634,normal,data\normal\Normal_Videos273_x264.mp4
226,burglary,data\burglary\Burglary027_x264.mp4
858,normal,data\normal\Normal_Videos511_x264.mp4
115,arson,data\arson\Arson017_x264.mp4
926,normal,data\normal\Normal_Videos580_x264.mp4
1481,roadaccidents,data\roadaccidents\RoadAccidents133_x264.mp4
1500,robbery,data\robbery\Robbery001_x264.mp4
1794,stealing,data\stealing\Stealing053_x264.mp4
619,normal,data\normal\Normal_Videos258_x264.mp4
1675,shooting,data\shooting\Shooting027_x264.mp4
1389,roadaccidents,data\roadaccidents\RoadAccidents040_x264.mp4
785,normal,data\normal\Normal_Videos434_x264.mp4
82,arrest,data\arrest\Arrest033_x264.mp4
19,abuse,data\abuse\Abuse020_x264.mp4
305,explosion,data\explosion\Explosion006_x264.mp4
158,assault,data\assault\Assault009_x264.mp4
245,burglary,data\burglary\Burglary046_x264.mp4
440,normal,data\normal\Normal_Videos060_x264.mp4
1311,normal,data\normal\Normal_Videos_898_x264.mp4
362,fighting,data\fighting\Fighting014_x264.mp4
1240,normal,data\normal\Normal_Videos_312_x264.mp4
46,abuse,data\abuse\Abuse047_x264.mp4
324,explosion,data\explosion\Explosion025_x264.mp4
1841,stealing,data\stealing\Stealing106_x264.mp4
637,normal,data\normal\Normal_Videos276_x264.mp4
1828,stealing,data\stealing\Stealing092_x264.mp4
1275,normal,data\normal\Normal_Videos_798_x264.mp4
1717,shoplifting,data\shoplifting\Shoplifting020_x264.mp4
727,normal,data\normal\Normal_Videos374_x264.mp4
1262,normal,data\normal\Normal_Videos_702_x264.mp4
865,normal,data\normal\Normal_Videos518_x264.mp4
1781,stealing,data\stealing\Stealing036_x264.mp4
393,fighting,data\fighting\Fighting045_x264.mp4
1631,robbery,data\robbery\Robbery132_x264.mp4
1834,stealing,data\stealing\Stealing098_x264.mp4
732,normal,data\normal\Normal_Videos379_x264.mp4
934,normal,data\normal\Normal_Videos588_x264.mp4
805,normal,data\normal\Normal_Videos457_x264.mp4
788,normal,data\normal\Normal_Videos437_x264.mp4
1818,stealing,data\stealing\Stealing080_x264.mp4
116,arson,data\arson\Arson018_x264.mp4
294,burglary,data\burglary\Burglary095_x264.mp4
1525,robbery,data\robbery\Robbery026_x264.mp4
633,normal,data\normal\Normal_Videos272_x264.mp4
1606,robbery,data\robbery\Robbery107_x264.mp4
1436,roadaccidents,data\roadaccidents\RoadAccidents088_x264.mp4
1433,roadaccidents,data\roadaccidents\RoadAccidents085_x264.mp4
1143,normal,data\normal\Normal_Videos821_x264.mp4
200,burglary,data\burglary\Burglary001_x264.mp4
1774,stealing,data\stealing\Stealing027_x264.mp4
323,explosion,data\explosion\Explosion024_x264.mp4
536,normal,data\normal\Normal_Videos162_x264.mp4
580,normal,data\normal\Normal_Videos213_x264.mp4
315,explosion,data\explosion\Explosion016_x264.mp4
552,normal,data\normal\Normal_Videos180_x264.mp4
1642,robbery,data\robbery\Robbery143_x264.mp4
334,explosion,data\explosion\Explosion036_x264.mp4
943,normal,data\normal\Normal_Videos598_x264.mp4
1407,roadaccidents,data\roadaccidents\RoadAccidents059_x264.mp4
814,normal,data\normal\Normal_Videos466_x264.mp4
1765,stealing,data\stealing\Stealing018_x264.mp4
966,normal,data\normal\Normal_Videos624_x264.mp4
253,burglary,data\burglary\Burglary054_x264.mp4
1580,robbery,data\robbery\Robbery081_x264.mp4
1077,normal,data\normal\Normal_Videos747_x264.mp4
744,normal,data\normal\Normal_Videos391_x264.mp4
1177,normal,data\normal\Normal_Videos857_x264.mp4
376,fighting,data\fighting\Fighting028_x264.mp4
1718,shoplifting,data\shoplifting\Shoplifting021_x264.mp4
1139,normal,data\normal\Normal_Videos817_x264.mp4
872,normal,data\normal\Normal_Videos525_x264.mp4
728,normal,data\normal\Normal_Videos375_x264.mp4
1151,normal,data\normal\Normal_Videos830_x264.mp4
1330,normal,data\normal\Normal_Videos_924_x264.mp4
166,assault,data\assault\Assault017_x264.mp4
890,normal,data\normal\Normal_Videos543_x264.mp4
1136,normal,data\normal\Normal_Videos814_x264.mp4
1358,roadaccidents,data\roadaccidents\RoadAccidents009_x264.mp4
660,normal,data\normal\Normal_Videos300_x264.mp4
695,normal,data\normal\Normal_Videos338_x264.mp4
1890,vandalism,data\vandalism\Vandalism041_x264.mp4
1329,normal,data\normal\Normal_Videos_923_x264.mp4
613,normal,data\normal\Normal_Videos252_x264.mp4
1118,normal,data\normal\Normal_Videos794_x264.mp4
1597,robbery,data\robbery\Robbery098_x264.mp4
911,normal,data\normal\Normal_Videos564_x264.mp4
1477,roadaccidents,data\roadaccidents\RoadAccidents129_x264.mp4
1319,normal,data\normal\Normal_Videos_906_x264.mp4
1636,robbery,data\robbery\Robbery137_x264.mp4
1399,roadaccidents,data\roadaccidents\RoadAccidents051_x264.mp4
247,burglary,data\burglary\Burglary048_x264.mp4
1361,roadaccidents,data\roadaccidents\RoadAccidents012_x264.mp4
1134,normal,data\normal\Normal_Videos812_x264.mp4
375,fighting,data\fighting\Fighting027_x264.mp4
261,burglary,data\burglary\Burglary062_x264.mp4
1183,normal,data\normal\Normal_Videos863_x264.mp4
879,normal,data\normal\Normal_Videos532_x264.mp4
519,normal,data\normal\Normal_Videos144_x264.mp4
1048,normal,data\normal\Normal_Videos714_x264.mp4
319,explosion,data\explosion\Explosion020_x264.mp4
435,normal,data\normal\Normal_Videos053_x264.mp4
446,normal,data\normal\Normal_Videos068_x264.mp4
1080,normal,data\normal\Normal_Videos750_x264.mp4
1814,stealing,data\stealing\Stealing075_x264.mp4
485,normal,data\normal\Normal_Videos109_x264.mp4
1260,normal,data\normal\Normal_Videos_686_x264.mp4
1154,normal,data\normal\Normal_Videos834_x264.mp4
916,normal,data\normal\Normal_Videos569_x264.mp4
1450,roadaccidents,data\roadaccidents\RoadAccidents102_x264.mp4
838,normal,data\normal\Normal_Videos491_x264.mp4
423,normal,data\normal\Normal_Videos036_x264.mp4
792,normal,data\normal\Normal_Videos442_x264.mp4
1894,vandalism,data\vandalism\Vandalism045_x264.mp4
1596,robbery,data\robbery\Robbery097_x264.mp4
1737,shoplifting,data\shoplifting\Shoplifting042_x264.mp4
365,fighting,data\fighting\Fighting017_x264.mp4
511,normal,data\normal\Normal_Videos136_x264.mp4
343,explosion,data\explosion\Explosion045_x264.mp4
539,normal,data\normal\Normal_Videos165_x264.mp4
246,burglary,data\burglary\Burglary047_x264.mp4
1486,roadaccidents,data\roadaccidents\RoadAccidents138_x264.mp4
256,burglary,data\burglary\Burglary057_x264.mp4
1395,roadaccidents,data\roadaccidents\RoadAccidents047_x264.mp4
533,normal,data\normal\Normal_Videos159_x264.mp4
793,normal,data\normal\Normal_Videos443_x264.mp4
1026,normal,data\normal\Normal_Videos688_x264.mp4
477,normal,data\normal\Normal_Videos101_x264.mp4
1429,roadaccidents,data\roadaccidents\RoadAccidents081_x264.mp4
1409,roadaccidents,data\roadaccidents\RoadAccidents061_x264.mp4
1634,robbery,data\robbery\Robbery135_x264.mp4
569,normal,data\normal\Normal_Videos200_x264.mp4
759,normal,data\normal\Normal_Videos407_x264.mp4
467,normal,data\normal\Normal_Videos090_x264.mp4
1589,robbery,data\robbery\Robbery090_x264.mp4
1777,stealing,data\stealing\Stealing030_x264.mp4
975,normal,data\normal\Normal_Videos633_x264.mp4
384,fighting,data\fighting\Fighting036_x264.mp4
1217,normal,data\normal\Normal_Videos_056_x264.mp4
939,normal,data\normal\Normal_Videos593_x264.mp4
1627,robbery,data\robbery\Robbery128_x264.mp4
678,normal,data\normal\Normal_Videos321_x264.mp4
1691,shooting,data\shooting\Shooting044_x264.mp4
783,normal,data\normal\Normal_Videos432_x264.mp4
999,normal,data\normal\Normal_Videos660_x264.mp4
1349,normal,data\normal\Normal_Videos_944_x264.mp4
891,normal,data\normal\Normal_Videos544_x264.mp4
466,normal,data\normal\Normal_Videos089_x264.mp4
1194,normal,data\normal\Normal_Videos945_x264.mp4
1101,normal,data\normal\Normal_Videos772_x264.mp4
654,normal,data\normal\Normal_Videos294_x264.mp4
1539,robbery,data\robbery\Robbery040_x264.mp4
807,normal,data\normal\Normal_Videos459_x264.mp4
1882,vandalism,data\vandalism\Vandalism033_x264.mp4
1206,normal,data\normal\Normal_Videos_019_x264.mp4
1150,normal,data\normal\Normal_Videos829_x264.mp4
507,normal,data\normal\Normal_Videos132_x264.mp4
716,normal,data\normal\Normal_Videos362_x264.mp4
540,normal,data\normal\Normal_Videos166_x264.mp4
616,normal,data\normal\Normal_Videos255_x264.mp4
560,normal,data\normal\Normal_Videos190_x264.mp4
1753,stealing,data\stealing\Stealing006_x264.mp4
1849,stealing,data\stealing\Stealing114_x264.mp4
720,normal,data\normal\Normal_Videos367_x264.mp4
1674,shooting,data\shooting\Shooting026_x264.mp4
179,assault,data\assault\Assault031_x264.mp4
1557,robbery,data\robbery\Robbery058_x264.mp4
304,explosion,data\explosion\Explosion005_x264.mp4
1819,stealing,data\stealing\Stealing081_x264.mp4
496,normal,data\normal\Normal_Videos120_x264.mp4
231,burglary,data\burglary\Burglary032_x264.mp4
1427,roadaccidents,data\roadaccidents\RoadAccidents079_x264.mp4
135,arson,data\arson\Arson038_x264.mp4
1268,normal,data\normal\Normal_Videos_745_x264.mp4
1485,roadaccidents,data\roadaccidents\RoadAccidents137_x264.mp4
749,normal,data\normal\Normal_Videos396_x264.mp4
403,normal,data\normal\Normal_Videos005_x264.mp4
671,normal,data\normal\Normal_Videos313_x264.mp4
1541,robbery,data\robbery\Robbery042_x264.mp4
430,normal,data\normal\Normal_Videos045_x264.mp4
1042,normal,data\normal\Normal_Videos707_x264.mp4
53,arrest,data\arrest\Arrest004_x264.mp4
1365,roadaccidents,data\roadaccidents\RoadAccidents016_x264.mp4
1693,shooting,data\shooting\Shooting047_x264.mp4
1709,shoplifting,data\shoplifting\Shoplifting012_x264.mp4
556,normal,data\normal\Normal_Videos185_x264.mp4
1263,normal,data\normal\Normal_Videos_704_x264.mp4
961,normal,data\normal\Normal_Videos618_x264.mp4
603,normal,data\normal\Normal_Videos238_x264.mp4
1495,roadaccidents,data\roadaccidents\RoadAccidents147_x264.mp4
1267,normal,data\normal\Normal_Videos_725_x264.mp4
1264,normal,data\normal\Normal_Videos_710_x264.mp4
476,normal,data\normal\Normal_Videos099_x264.mp4
1057,normal,data\normal\Normal_Videos726_x264.mp4
1402,roadaccidents,data\roadaccidents\RoadAccidents054_x264.mp4
358,fighting,data\fighting\Fighting010_x264.mp4
1829,stealing,data\stealing\Stealing093_x264.mp4
1205,normal,data\normal\Normal_Videos_018_x264.mp4
1135,normal,data\normal\Normal_Videos813_x264.mp4
178,assault,data\assault\Assault030_x264.mp4
475,normal,data\normal\Normal_Videos098_x264.mp4
1283,normal,data\normal\Normal_Videos_870_x264.mp4
377,fighting,data\fighting\Fighting029_x264.mp4
1451,roadaccidents,data\roadaccidents\RoadAccidents103_x264.mp4
1889,vandalism,data\vandalism\Vandalism040_x264.mp4
258,burglary,data\burglary\Burglary059_x264.mp4
217,burglary,data\burglary\Burglary018_x264.mp4
950,normal,data\normal\Normal_Videos607_x264.mp4
101,arson,data\arson\Arson002_x264.mp4
186,assault,data\assault\Assault038_x264.mp4
1102,normal,data\normal\Normal_Videos773_x264.mp4
1128,normal,data\normal\Normal_Videos806_x264.mp4
1898,vandalism,data\vandalism\Vandalism049_x264.mp4
1140,normal,data\normal\Normal_Videos818_x264.mp4
1424,roadaccidents,data\roadaccidents\RoadAccidents076_x264.mp4
1845,stealing,data\stealing\Stealing110_x264.mp4
1582,robbery,data\robbery\Robbery083_x264.mp4
808,normal,data\normal\Normal_Videos460_x264.mp4
724,normal,data\normal\Normal_Videos371_x264.mp4
345,explosion,data\explosion\Explosion047_x264.mp4
270,burglary,data\burglary\Burglary071_x264.mp4
1666,shooting,data\shooting\Shooting018_x264.mp4
1876,vandalism,data\vandalism\Vandalism027_x264.mp4
29,abuse,data\abuse\Abuse030_x264.mp4
150,assault,data\assault\Assault001_x264.mp4
163,assault,data\assault\Assault014_x264.mp4
1759,stealing,data\stealing\Stealing012_x264.mp4
1106,normal,data\normal\Normal_Videos777_x264.mp4
139,arson,data\arson\Arson042_x264.mp4
1071,normal,data\normal\Normal_Videos740_x264.mp4
1221,normal,data\normal\Normal_Videos_070_x264.mp4
35,abuse,data\abuse\Abuse036_x264.mp4
412,normal,data\normal\Normal_Videos020_x264.mp4
1327,normal,data\normal\Normal_Videos_914_x264.mp4
1724,shoplifting,data\shoplifting\Shoplifting028_x264.mp4
1799,stealing,data\stealing\Stealing059_x264.mp4
1337,normal,data\normal\Normal_Videos_931_x264.mp4
487,normal,data\normal\Normal_Videos111_x264.mp4
488,normal,data\normal\Normal_Videos112_x264.mp4
974,normal,data\normal\Normal_Videos632_x264.mp4
609,normal,data\normal\Normal_Videos244_x264.mp4
1661,shooting,data\shooting\Shooting012_x264.mp4
1462,roadaccidents,data\roadaccidents\RoadAccidents114_x264.mp4
509,normal,data\normal\Normal_Videos134_x264.mp4
111,arson,data\arson\Arson013_x264.mp4
1770,stealing,data\stealing\Stealing023_x264.mp4
935,normal,data\normal\Normal_Videos589_x264.mp4
559,normal,data\normal\Normal_Videos188_x264.mp4
1800,stealing,data\stealing\Stealing060_x264.mp4
1138,normal,data\normal\Normal_Videos816_x264.mp4
1659,shooting,data\shooting\Shooting010_x264.mp4
567,normal,data\normal\Normal_Videos198_x264.mp4
1041,normal,data\normal\Normal_Videos706_x264.mp4
359,fighting,data\fighting\Fighting011_x264.mp4
790,normal,data\normal\Normal_Videos440_x264.mp4
529,normal,data\normal\Normal_Videos155_x264.mp4
680,normal,data\normal\Normal_Videos323_x264.mp4
881,normal,data\normal\Normal_Videos534_x264.mp4
513,normal,data\normal\Normal_Videos138_x264.mp4
1728,shoplifting,data\shoplifting\Shoplifting032_x264.mp4
1180,normal,data\normal\Normal_Videos860_x264.mp4
1094,normal,data\normal\Normal_Videos765_x264.mp4
1448,roadaccidents,data\roadaccidents\RoadAccidents100_x264.mp4
230,burglary,data\burglary\Burglary031_x264.mp4
1293,normal,data\normal\Normal_Videos_880_x264.mp4
491,normal,data\normal\Normal_Videos115_x264.mp4
1444,roadaccidents,data\roadaccidents\RoadAccidents096_x264.mp4
1292,normal,data\normal\Normal_Videos_879_x264.mp4
389,fighting,data\fighting\Fighting041_x264.mp4
1564,robbery,data\robbery\Robbery065_x264.mp4
949,normal,data\normal\Normal_Videos605_x264.mp4
105,arson,data\arson\Arson007_x264.mp4
554,normal,data\normal\Normal_Videos183_x264.mp4
136,arson,data\arson\Arson039_x264.mp4
707,normal,data\normal\Normal_Videos351_x264.mp4
1083,normal,data\normal\Normal_Videos753_x264.mp4
198,assault,data\assault\Assault051_x264.mp4
1783,stealing,data\stealing\Stealing042_x264.mp4
1570,robbery,data\robbery\Robbery071_x264.mp4
1130,normal,data\normal\Normal_Videos808_x264.mp4
1090,normal,data\normal\Normal_Videos761_x264.mp4
553,normal,data\normal\Normal_Videos181_x264.mp4
479,normal,data\normal\Normal_Videos103_x264.mp4
815,normal,data\normal\Normal_Videos467_x264.mp4
745,normal,data\normal\Normal_Videos392_x264.mp4
57,arrest,data\arrest\Arrest008_x264.mp4
95,arrest,data\arrest\Arrest047_x264.mp4
1789,stealing,data\stealing\Stealing048_x264.mp4
122,arson,data\arson\Arson024_x264.mp4
45,abuse,data\abuse\Abuse046_x264.mp4
424,normal,data\normal\Normal_Videos037_x264.mp4
667,normal,data\normal\Normal_Videos307_x264.mp4
1357,roadaccidents,data\roadaccidents\RoadAccidents008_x264.mp4
1004,normal,data\normal\Normal_Videos665_x264.mp4
220,burglary,data\burglary\Burglary021_x264.mp4
372,fighting,data\fighting\Fighting024_x264.mp4
1844,stealing,data\stealing\Stealing109_x264.mp4
1165,normal,data\normal\Normal_Videos845_x264.mp4
1370,roadaccidents,data\roadaccidents\RoadAccidents021_x264.mp4
909,normal,data\normal\Normal_Videos562_x264.mp4
1824,stealing,data\stealing\Stealing087_x264.mp4
1398,roadaccidents,data\roadaccidents\RoadAccidents050_x264.mp4
868,normal,data\normal\Normal_Videos521_x264.mp4
1211,normal,data\normal\Normal_Videos_034_x264.mp4
1278,normal,data\normal\Normal_Videos_831_x264.mp4
203,burglary,data\burglary\Burglary004_x264.mp4
1297,normal,data\normal\Normal_Videos_884_x264.mp4
1348,normal,data\normal\Normal_Videos_943_x264.mp4
1478,roadaccidents,data\roadaccidents\RoadAccidents130_x264.mp4
1178,normal,data\normal\Normal_Videos858_x264.mp4
1447,roadaccidents,data\roadaccidents\RoadAccidents099_x264.mp4
1554,robbery,data\robbery\Robbery055_x264.mp4
300,explosion,data\explosion\Explosion001_x264.mp4
869,normal,data\normal\Normal_Videos522_x264.mp4
1473,roadaccidents,data\roadaccidents\RoadAccidents125_x264.mp4
1186,normal,data\normal\Normal_Videos916_x264.mp4
56,arrest,data\arrest\Arrest007_x264.mp4
1764,stealing,data\stealing\Stealing017_x264.mp4
606,normal,data\normal\Normal_Videos241_x264.mp4
503,normal,data\normal\Normal_Videos127_x264.mp4
72,arrest,data\arrest\Arrest023_x264.mp4
756,normal,data\normal\Normal_Videos404_x264.mp4
1013,normal,data\normal\Normal_Videos674_x264.mp4
453,normal,data\normal\Normal_Videos076_x264.mp4
210,burglary,data\burglary\Burglary011_x264.mp4
92,arrest,data\arrest\Arrest043_x264.mp4
1219,normal,data\normal\Normal_Videos_063_x264.mp4
1331,normal,data\normal\Normal_Videos_925_x264.mp4
1343,normal,data\normal\Normal_Videos_937_x264.mp4
577,normal,data\normal\Normal_Videos209_x264.mp4
1899,vandalism,data\vandalism\Vandalism050_x264.mp4
1721,shoplifting,data\shoplifting\Shoplifting025_x264.mp4
1788,stealing,data\stealing\Stealing047_x264.mp4
342,explosion,data\explosion\Explosion044_x264.mp4
249,burglary,data\burglary\Burglary050_x264.mp4
131,arson,data\arson\Arson034_x264.mp4
1731,shoplifting,data\shoplifting\Shoplifting036_x264.mp4
1390,roadaccidents,data\roadaccidents\RoadAccidents041_x264.mp4
110,arson,data\arson\Arson012_x264.mp4
1568,robbery,data\robbery\Robbery069_x264.mp4
134,arson,data\arson\Arson037_x264.mp4
1192,normal,data\normal\Normal_Videos922_x264.mp4
369,fighting,data\fighting\Fighting021_x264.mp4
718,normal,data\normal\Normal_Videos364_x264.mp4
1798,stealing,data\stealing\Stealing058_x264.mp4
410,normal,data\normal\Normal_Videos016_x264.mp4
610,normal,data\normal\Normal_Videos245_x264.mp4
1767,stealing,data\stealing\Stealing020_x264.mp4
588,normal,data\normal\Normal_Videos222_x264.mp4
1574,robbery,data\robbery\Robbery075_x264.mp4
544,normal,data\normal\Normal_Videos171_x264.mp4
1559,robbery,data\robbery\Robbery060_x264.mp4
470,normal,data\normal\Normal_Videos093_x264.mp4
1127,normal,data\normal\Normal_Videos805_x264.mp4
982,normal,data\normal\Normal_Videos642_x264.mp4
1124,normal,data\normal\Normal_Videos802_x264.mp4
1687,shooting,data\shooting\Shooting040_x264.mp4
936,normal,data\normal\Normal_Videos590_x264.mp4
1468,roadaccidents,data\roadaccidents\RoadAccidents120_x264.mp4
1679,shooting,data\shooting\Shooting031_x264.mp4
347,explosion,data\explosion\Explosion050_x264.mp4
713,normal,data\normal\Normal_Videos358_x264.mp4
380,fighting,data\fighting\Fighting032_x264.mp4
1359,roadaccidents,data\roadaccidents\RoadAccidents010_x264.mp4
402,normal,data\normal\Normal_Videos004_x264.mp4
682,normal,data\normal\Normal_Videos325_x264.mp4
1796,stealing,data\stealing\Stealing055_x264.mp4
714,normal,data\normal\Normal_Videos359_x264.mp4
1250,normal,data\normal\Normal_Videos_453_x264.mp4
1045,normal,data\normal\Normal_Videos711_x264.mp4
1149,normal,data\normal\Normal_Videos827_x264.mp4
1176,normal,data\normal\Normal_Videos856_x264.mp4
67,arrest,data\arrest\Arrest018_x264.mp4
329,explosion,data\explosion\Explosion030_x264.mp4
709,normal,data\normal\Normal_Videos354_x264.mp4
243,burglary,data\burglary\Burglary044_x264.mp4
1236,normal,data\normal\Normal_Videos_248_x264.mp4
191,assault,data\assault\Assault044_x264.mp4
651,normal,data\normal\Normal_Videos291_x264.mp4
1662,shooting,data\shooting\Shooting013_x264.mp4
205,burglary,data\burglary\Burglary006_x264.mp4
1805,stealing,data\stealing\Stealing066_x264.mp4
962,normal,data\normal\Normal_Videos619_x264.mp4
1214,normal,data\normal\Normal_Videos_048_x264.mp4
272,burglary,data\burglary\Burglary073_x264.mp4
1373,roadaccidents,data\roadaccidents\RoadAccidents024_x264.mp4
1125,normal,data\normal\Normal_Videos803_x264.mp4
273,burglary,data\burglary\Burglary074_x264.mp4
834,normal,data\normal\Normal_Videos487_x264.mp4
1218,normal,data\normal\Normal_Videos_059_x264.mp4
686,normal,data\normal\Normal_Videos329_x264.mp4
173,assault,data\assault\Assault025_x264.mp4
394,fighting,data\fighting\Fighting046_x264.mp4
786,normal,data\normal\Normal_Videos435_x264.mp4
1599,robbery,data\robbery\Robbery100_x264.mp4
419,normal,data\normal\Normal_Videos030_x264.mp4
1776,stealing,data\stealing\Stealing029_x264.mp4
516,normal,data\normal\Normal_Videos141_x264.mp4
98,arrest,data\arrest\Arrest050_x264.mp4
1403,roadaccidents,data\roadaccidents\RoadAccidents055_x264.mp4
1368,roadaccidents,data\roadaccidents\RoadAccidents019_x264.mp4
1742,shoplifting,data\shoplifting\Shoplifting048_x264.mp4
14,abuse,data\abuse\Abuse015_x264.mp4
1126,normal,data\normal\Normal_Videos804_x264.mp4
1762,stealing,data\stealing\Stealing015_x264.mp4
1600,robbery,data\robbery\Robbery101_x264.mp4
894,normal,data\normal\Normal_Videos547_x264.mp4
1445,roadaccidents,data\roadaccidents\RoadAccidents097_x264.mp4
332,explosion,data\explosion\Explosion034_x264.mp4
656,normal,data\normal\Normal_Videos296_x264.mp4
1896,vandalism,data\vandalism\Vandalism047_x264.mp4
1616,robbery,data\robbery\Robbery117_x264.mp4
251,burglary,data\burglary\Burglary052_x264.mp4
1859,vandalism,data\vandalism\Vandalism010_x264.mp4
531,normal,data\normal\Normal_Videos157_x264.mp4
563,normal,data\normal\Normal_Videos193_x264.mp4
1792,stealing,data\stealing\Stealing051_x264.mp4
1623,robbery,data\robbery\Robbery124_x264.mp4
202,burglary,data\burglary\Burglary003_x264.mp4
190,assault,data\assault\Assault042_x264.mp4
743,normal,data\normal\Normal_Videos390_x264.mp4
351,fighting,data\fighting\Fighting003_x264.mp4
146,arson,data\arson\Arson050_x264.mp4
157,assault,data\assault\Assault008_x264.mp4
631,normal,data\normal\Normal_Videos270_x264.mp4
896,normal,data\normal\Normal_Videos549_x264.mp4
562,normal,data\normal\Normal_Videos192_x264.mp4
1228,normal,data\normal\Normal_Videos_189_x264.mp4
787,normal,data\normal\Normal_Videos436_x264.mp4
1830,stealing,data\stealing\Stealing094_x264.mp4
367,fighting,data\fighting\Fighting019_x264.mp4
76,arrest,data\arrest\Arrest027_x264.mp4
1678,shooting,data\shooting\Shooting030_x264.mp4
706,normal,data\normal\Normal_Videos350_x264.mp4
437,normal,data\normal\Normal_Videos055_x264.mp4
1160,normal,data\normal\Normal_Videos840_x264.mp4
1025,normal,data\normal\Normal_Videos687_x264.mp4
1282,normal,data\normal\Normal_Videos_869_x264.mp4
1029,normal,data\normal\Normal_Videos691_x264.mp4
601,normal,data\normal\Normal_Videos236_x264.mp4
285,burglary,data\burglary\Burglary086_x264.mp4
1806,stealing,data\stealing\Stealing067_x264.mp4
418,normal,data\normal\Normal_Videos029_x264.mp4
1147,normal,data\normal\Normal_Videos825_x264.mp4
1736,shoplifting,data\shoplifting\Shoplifting041_x264.mp4
1535,robbery,data\robbery\Robbery036_x264.mp4
279,burglary,data\burglary\Burglary080_x264.mp4
1191,normal,data\normal\Normal_Videos921_x264.mp4
1809,stealing,data\stealing\Stealing070_x264.mp4
189,assault,data\assault\Assault041_x264.mp4
1839,stealing,data\stealing\Stealing104_x264.mp4
1771,stealing,data\stealing\Stealing024_x264.mp4
923,normal,data\normal\Normal_Videos577_x264.mp4
628,normal,data\normal\Normal_Videos267_x264.mp4
772,normal,data\normal\Normal_Videos421_x264.mp4
1350,roadaccidents,data\roadaccidents\RoadAccidents001_x264.mp4
1420,roadaccidents,data\roadaccidents\RoadAccidents072_x264.mp4
1488,roadaccidents,data\roadaccidents\RoadAccidents140_x264.mp4
421,normal,data\normal\Normal_Videos032_x264.mp4
283,burglary,data\burglary\Burglary084_x264.mp4
1719,shoplifting,data\shoplifting\Shoplifting022_x264.mp4
832,normal,data\normal\Normal_Videos485_x264.mp4
74,arrest,data\arrest\Arrest025_x264.mp4
683,normal,data\normal\Normal_Videos326_x264.mp4
1318,normal,data\normal\Normal_Videos_905_x264.mp4
206,burglary,data\burglary\Burglary007_x264.mp4
1888,vandalism,data\vandalism\Vandalism039_x264.mp4
1202,normal,data\normal\Normal_Videos_010_x264.mp4
31,abuse,data\abuse\Abuse032_x264.mp4
1307,normal,data\normal\Normal_Videos_894_x264.mp4
729,normal,data\normal\Normal_Videos376_x264.mp4
820,normal,data\normal\Normal_Videos472_x264.mp4
1638,robbery,data\robbery\Robbery139_x264.mp4
1763,stealing,data\stealing\Stealing016_x264.mp4
1372,roadaccidents,data\roadaccidents\RoadAccidents023_x264.mp4
970,normal,data\normal\Normal_Videos628_x264.mp4
1306,normal,data\normal\Normal_Videos_893_x264.mp4
1054,normal,data\normal\Normal_Videos721_x264.mp4
444,normal,data\normal\Normal_Videos065_x264.mp4
159,assault,data\assault\Assault010_x264.mp4
642,normal,data\normal\Normal_Videos281_x264.mp4
1314,normal,data\normal\Normal_Videos_901_x264.mp4
798,normal,data\normal\Normal_Videos448_x264.mp4
465,normal,data\normal\Normal_Videos088_x264.mp4
23,abuse,data\abuse\Abuse024_x264.mp4
17,abuse,data\abuse\Abuse018_x264.mp4
1609,robbery,data\robbery\Robbery110_x264.mp4
1252,normal,data\normal\Normal_Videos_576_x264.mp4
1362,roadaccidents,data\roadaccidents\RoadAccidents013_x264.mp4
413,normal,data\normal\Normal_Videos021_x264.mp4
1185,normal,data\normal\Normal_Videos865_x264.mp4
690,normal,data\normal\Normal_Videos333_x264.mp4
1114,normal,data\normal\Normal_Videos790_x264.mp4
313,explosion,data\explosion\Explosion014_x264.mp4
354,fighting,data\fighting\Fighting006_x264.mp4
1021,normal,data\normal\Normal_Videos682_x264.mp4
977,normal,data\normal\Normal_Videos636_x264.mp4
605,normal,data\normal\Normal_Videos240_x264.mp4
892,normal,data\normal\Normal_Videos545_x264.mp4
883,normal,data\normal\Normal_Videos536_x264.mp4
1760,stealing,data\stealing\Stealing013_x264.mp4
1780,stealing,data\stealing\Stealing035_x264.mp4
1132,normal,data\normal\Normal_Videos810_x264.mp4
704,normal,data\normal\Normal_Videos348_x264.mp4
758,normal,data\normal\Normal_Videos406_x264.mp4
374,fighting,data\fighting\Fighting026_x264.mp4
611,normal,data\normal\Normal_Videos249_x264.mp4
1460,roadaccidents,data\roadaccidents\RoadAccidents112_x264.mp4
1496,roadaccidents,data\roadaccidents\RoadAccidents148_x264.mp4
414,normal,data\normal\Normal_Videos022_x264.mp4
1758,stealing,data\stealing\Stealing011_x264.mp4
604,normal,data\normal\Normal_Videos239_x264.mp4
968,normal,data\normal\Normal_Videos626_x264.mp4
1811,stealing,data\stealing\Stealing072_x264.mp4
494,normal,data\normal\Normal_Videos118_x264.mp4
119,arson,data\arson\Arson021_x264.mp4
906,normal,data\normal\Normal_Videos559_x264.mp4
1643,robbery,data\robbery\Robbery144_x264.mp4
1750,stealing,data\stealing\Stealing002_x264.mp4
478,normal,data\normal\Normal_Videos102_x264.mp4
1052,normal,data\normal\Normal_Videos719_x264.mp4
447,normal,data\normal\Normal_Videos069_x264.mp4
1011,normal,data\normal\Normal_Videos672_x264.mp4
1578,robbery,data\robbery\Robbery079_x264.mp4
1502,robbery,data\robbery\Robbery003_x264.mp4
1804,stealing,data\stealing\Stealing065_x264.mp4
1836,stealing,data\stealing\Stealing101_x264.mp4
275,burglary,data\burglary\Burglary076_x264.mp4
1802,stealing,data\stealing\Stealing062_x264.mp4
738,normal,data\normal\Normal_Videos385_x264.mp4
1078,normal,data\normal\Normal_Videos748_x264.mp4
1335,normal,data\normal\Normal_Videos_929_x264.mp4
1257,normal,data\normal\Normal_Videos_634_x264.mp4
579,normal,data\normal\Normal_Videos212_x264.mp4
1432,roadaccidents,data\roadaccidents\RoadAccidents084_x264.mp4
757,normal,data\normal\Normal_Videos405_x264.mp4
1152,normal,data\normal\Normal_Videos832_x264.mp4
630,normal,data\normal\Normal_Videos269_x264.mp4
1253,normal,data\normal\Normal_Videos_597_x264.mp4
264,burglary,data\burglary\Burglary065_x264.mp4
784,normal,data\normal\Normal_Videos433_x264.mp4
1012,normal,data\normal\Normal_Videos673_x264.mp4
1018,normal,data\normal\Normal_Videos679_x264.mp4
1075,normal,data\normal\Normal_Videos744_x264.mp4
1245,normal,data\normal\Normal_Videos_365_x264.mp4
237,burglary,data\burglary\Burglary038_x264.mp4
1700,shoplifting,data\shoplifting\Shoplifting001_x264.mp4
960,normal,data\normal\Normal_Videos617_x264.mp4
1838,stealing,data\stealing\Stealing103_x264.mp4
1755,stealing,data\stealing\Stealing008_x264.mp4
1665,shooting,data\shooting\Shooting017_x264.mp4
512,normal,data\normal\Normal_Videos137_x264.mp4
658,normal,data\normal\Normal_Videos298_x264.mp4
864,normal,data\normal\Normal_Videos517_x264.mp4
928,normal,data\normal\Normal_Videos582_x264.mp4
223,burglary,data\burglary\Burglary024_x264.mp4
781,normal,data\normal\Normal_Videos430_x264.mp4
917,normal,data\normal\Normal_Videos570_x264.mp4
1743,shoplifting,data\shoplifting\Shoplifting049_x264.mp4
534,normal,data\normal\Normal_Videos160_x264.mp4
657,normal,data\normal\Normal_Videos297_x264.mp4
1773,stealing,data\stealing\Stealing026_x264.mp4
1070,normal,data\normal\Normal_Videos739_x264.mp4
289,burglary,data\burglary\Burglary090_x264.mp4
1530,robbery,data\robbery\Robbery031_x264.mp4
1037,normal,data\normal\Normal_Videos700_x264.mp4
1704,shoplifting,data\shoplifting\Shoplifting006_x264.mp4
355,fighting,data\fighting\Fighting007_x264.mp4
73,arrest,data\arrest\Arrest024_x264.mp4
1068,normal,data\normal\Normal_Videos737_x264.mp4
547,normal,data\normal\Normal_Videos174_x264.mp4
976,normal,data\normal\Normal_Videos635_x264.mp4
1602,robbery,data\robbery\Robbery103_x264.mp4
1465,roadaccidents,data\roadaccidents\RoadAccidents117_x264.mp4
701,normal,data\normal\Normal_Videos344_x264.mp4
847,normal,data\normal\Normal_Videos500_x264.mp4
1024,normal,data\normal\Normal_Videos685_x264.mp4
836,normal,data\normal\Normal_Videos489_x264.mp4
352,fighting,data\fighting\Fighting004_x264.mp4
193,assault,data\assault\Assault046_x264.mp4
287,burglary,data\burglary\Burglary088_x264.mp4
1137,normal,data\normal\Normal_Videos815_x264.mp4
1577,robbery,data\robbery\Robbery078_x264.mp4
717,normal,data\normal\Normal_Videos363_x264.mp4
840,normal,data\normal\Normal_Videos493_x264.mp4
1091,normal,data\normal\Normal_Videos762_x264.mp4
1714,shoplifting,data\shoplifting\Shoplifting017_x264.mp4
452,normal,data\normal\Normal_Videos075_x264.mp4
1286,normal,data\normal\Normal_Videos_873_x264.mp4
1768,stealing,data\stealing\Stealing021_x264.mp4
1237,normal,data\normal\Normal_Videos_251_x264.mp4
204,burglary,data\burglary\Burglary005_x264.mp4
1851,vandalism,data\vandalism\Vandalism002_x264.mp4
1482,roadaccidents,data\roadaccidents\RoadAccidents134_x264.mp4
1336,normal,data\normal\Normal_Videos_930_x264.mp4
1051,normal,data\normal\Normal_Videos718_x264.mp4
776,normal,data\normal\Normal_Videos425_x264.mp4
337,explosion,data\explosion\Explosion039_x264.mp4
164,assault,data\assault\Assault015_x264.mp4
316,explosion,data\explosion\Explosion017_x264.mp4
1639,robbery,data\robbery\Robbery140_x264.mp4
187,assault,data\assault\Assault039_x264.mp4
1784,stealing,data\stealing\Stealing043_x264.mp4
112,arson,data\arson\Arson014_x264.mp4
1189,normal,data\normal\Normal_Videos919_x264.mp4
593,normal,data\normal\Normal_Videos228_x264.mp4
239,burglary,data\burglary\Burglary040_x264.mp4
1703,shoplifting,data\shoplifting\Shoplifting005_x264.mp4
1685,shooting,data\shooting\Shooting038_x264.mp4
144,arson,data\arson\Arson048_x264.mp4
905,normal,data\normal\Normal_Videos558_x264.mp4
700,normal,data\normal\Normal_Videos343_x264.mp4
666,normal,data\normal\Normal_Videos306_x264.mp4
188,assault,data\assault\Assault040_x264.mp4
47,abuse,data\abuse\Abuse048_x264.mp4
1227,normal,data\normal\Normal_Videos_182_x264.mp4
370,fighting,data\fighting\Fighting022_x264.mp4
918,normal,data\normal\Normal_Videos571_x264.mp4
39,abuse,data\abuse\Abuse040_x264.mp4
1023,normal,data\normal\Normal_Videos684_x264.mp4
1613,robbery,data\robbery\Robbery114_x264.mp4
1454,roadaccidents,data\roadaccidents\RoadAccidents106_x264.mp4
1413,roadaccidents,data\roadaccidents\RoadAccidents065_x264.mp4
1571,robbery,data\robbery\Robbery072_x264.mp4
1276,normal,data\normal\Normal_Videos_801_x264.mp4
248,burglary,data\burglary\Burglary049_x264.mp4
1039,normal,data\normal\Normal_Videos703_x264.mp4
130,arson,data\arson\Arson032_x264.mp4
1590,robbery,data\robbery\Robbery091_x264.mp4
442,normal,data\normal\Normal_Videos062_x264.mp4
1456,roadaccidents,data\roadaccidents\RoadAccidents108_x264.mp4
1304,normal,data\normal\Normal_Videos_891_x264.mp4
8,abuse,data\abuse\Abuse009_x264.mp4
44,abuse,data\abuse\Abuse045_x264.mp4
1667,shooting,data\shooting\Shooting019_x264.mp4
1364,roadaccidents,data\roadaccidents\RoadAccidents015_x264.mp4
1595,robbery,data\robbery\Robbery096_x264.mp4
608,normal,data\normal\Normal_Videos243_x264.mp4
450,normal,data\normal\Normal_Videos073_x264.mp4
741,normal,data\normal\Normal_Videos388_x264.mp4
1884,vandalism,data\vandalism\Vandalism035_x264.mp4
922,normal,data\normal\Normal_Videos575_x264.mp4
1832,stealing,data\stealing\Stealing096_x264.mp4
209,burglary,data\burglary\Burglary010_x264.mp4
1536,robbery,data\robbery\Robbery037_x264.mp4
1863,vandalism,data\vandalism\Vandalism014_x264.mp4
1008,normal,data\normal\Normal_Videos669_x264.mp4
600,normal,data\normal\Normal_Videos235_x264.mp4
448,normal,data\normal\Normal_Videos071_x264.mp4
653,normal,data\normal\Normal_Videos293_x264.mp4
925,normal,data\normal\Normal_Videos579_x264.mp4
1123,normal,data\normal\Normal_Videos800_x264.mp4
852,normal,data\normal\Normal_Videos505_x264.mp4
830,normal,data\normal\Normal_Videos483_x264.mp4
910,normal,data\normal\Normal_Videos563_x264.mp4
1288,normal,data\normal\Normal_Videos_875_x264.mp4
557,normal,data\normal\Normal_Videos186_x264.mp4
979,normal,data\normal\Normal_Videos638_x264.mp4
1115,normal,data\normal\Normal_Videos791_x264.mp4
914,normal,data\normal\Normal_Videos567_x264.mp4
1309,normal,data\normal\Normal_Videos_896_x264.mp4
860,normal,data\normal\Normal_Videos513_x264.mp4
1887,vandalism,data\vandalism\Vandalism038_x264.mp4
882,normal,data\normal\Normal_Videos535_x264.mp4
1855,vandalism,data\vandalism\Vandalism006_x264.mp4
694,normal,data\normal\Normal_Videos337_x264.mp4
462,normal,data\normal\Normal_Videos085_x264.mp4
525,normal,data\normal\Normal_Videos151_x264.mp4
242,burglary,data\burglary\Burglary043_x264.mp4
1251,normal,data\normal\Normal_Videos_478_x264.mp4
471,normal,data\normal\Normal_Videos094_x264.mp4
543,normal,data\normal\Normal_Videos170_x264.mp4
1705,shoplifting,data\shoplifting\Shoplifting007_x264.mp4
382,fighting,data\fighting\Fighting034_x264.mp4
151,assault,data\assault\Assault002_x264.mp4
433,normal,data\normal\Normal_Videos049_x264.mp4
659,normal,data\normal\Normal_Videos299_x264.mp4
1548,robbery,data\robbery\Robbery049_x264.mp4
303,explosion,data\explosion\Explosion004_x264.mp4
86,arrest,data\arrest\Arrest037_x264.mp4
1007,normal,data\normal\Normal_Videos668_x264.mp4
599,normal,data\normal\Normal_Videos234_x264.mp4
1340,normal,data\normal\Normal_Videos_934_x264.mp4
1280,normal,data\normal\Normal_Videos_867_x264.mp4
94,arrest,data\arrest\Arrest046_x264.mp4
640,normal,data\normal\Normal_Videos279_x264.mp4
504,normal,data\normal\Normal_Videos128_x264.mp4
215,burglary,data\burglary\Burglary016_x264.mp4
1446,roadaccidents,data\roadaccidents\RoadAccidents098_x264.mp4
1411,roadaccidents,data\roadaccidents\RoadAccidents063_x264.mp4
307,explosion,data\explosion\Explosion008_x264.mp4
